insert into igrs_user(id, user, password, role) values(1, 'admin', 'password', 'admin');
insert into igrs_room(id, room, name) values(1, '100', '100');
insert into igrs_room(id, room, name) values(2, '101', '101');
insert into igrs_device(id, type, dindex, name, ctype, cip, cchannel, room) values(1, 'welcome', '0', '迎宾模式', '0', '', '', '100');
insert into igrs_device(id, type, dindex, name, ctype, cip, cchannel,room) values(2, 'machine', '0', '前交互大屏', '0', '192.168.1.200', '10', '100');
insert into igrs_device(id, type, dindex, name, ctype, cip, cchannel,room) values(3, 'machine', '1', '后交互大屏', '0', '192.168.1.200', '50', '100');
insert into igrs_device(id, type, dindex, name, ctype, cip, cchannel,room) values(4, 'led', '0', '智能灯一', '0', '192.168.1.200', '20', '100');
insert into igrs_device(id, type, dindex, name, ctype, cip, cchannel,room) values(5, 'led', '1', '智能灯二', '0', '192.168.1.200', '21', '100');
insert into igrs_device(id, type, dindex, name, ctype, cip, cchannel,room) values(6, 'curtain', '0', '窗帘', '0', '192.168.1.200', '60', '100');
insert into igrs_device(id, type, dindex, name, ctype, cip, cchannel,room) values(7, 'purifier', '0', '净化器', '0', '', '', '100');
insert into igrs_device(id, type, dindex, name, ctype, cip, cchannel,room) values(8, 'welcome', '0', '迎宾模式', '0', '', '', '101');
insert into igrs_device(id, type, dindex, name, ctype, cip, cchannel,room) values(9, 'machine', '0', '前交互大屏', '0', '192.168.1.199', '10', '101');
insert into igrs_device(id, type, dindex, name, ctype, cip, cchannel,room) values(10, 'machine', '1', '后交互大屏', '0', '192.168.1.199', '50', '101');
insert into igrs_device(id, type, dindex, name, ctype, cip, cchannel,room) values(11, 'led', '0', '智能灯一', '0', '192.168.1.199', '20', '101');
insert into igrs_device(id, type, dindex, name, ctype, cip, cchannel,room) values(12, 'led', '1', '智能灯二', '0', '192.168.1.199', '21', '101');
insert into igrs_device(id, type, dindex, name, ctype, cip, cchannel,room) values(13, 'curtain', '0', '窗帘', '0', '192.168.1.199', '60', '101');
insert into igrs_device_status(id, device, attribute, value) values(1, 1, 'switch', '0');
insert into igrs_device_status(id, device, attribute, value) values(2, 2, 'switch', '0');
insert into igrs_device_status(id, device, attribute, value) values(3, 2, 'sig_source', '1');
insert into igrs_device_status(id, device, attribute, value) values(4, 2, 'volume', '0');
insert into igrs_device_status(id, device, attribute, value) values(5, 3, 'switch', '0');
insert into igrs_device_status(id, device, attribute, value) values(6, 3, 'sig_source', '1');
insert into igrs_device_status(id, device, attribute, value) values(7, 3, 'volume', '0');
insert into igrs_device_status(id, device, attribute, value) values(8, 4, 'switch', '0');
insert into igrs_device_status(id, device, attribute, value) values(9, 5, 'switch', '0');
insert into igrs_device_status(id, device, attribute, value) values(10, 6, 'switch', '0');
insert into igrs_device_status(id, device, attribute, value) values(11, 7, 'switch', '0');
insert into igrs_device_status(id, device, attribute, value) values(12, 8, 'switch', '0');
insert into igrs_device_status(id, device, attribute, value) values(13, 9, 'switch', '0');
insert into igrs_device_status(id, device, attribute, value) values(14, 9, 'sig_source', '1');
insert into igrs_device_status(id, device, attribute, value) values(15, 9, 'volume', '0');
insert into igrs_device_status(id, device, attribute, value) values(16, 10, 'switch', '0');
insert into igrs_device_status(id, device, attribute, value) values(17, 10, 'sig_source', '1');
insert into igrs_device_status(id, device, attribute, value) values(18, 10, 'volume', '0');
insert into igrs_device_status(id, device, attribute, value) values(19, 11, 'switch', '0');
insert into igrs_device_status(id, device, attribute, value) values(20, 12, 'switch', '0');
insert into igrs_device_status(id, device, attribute, value) values(21, 13, 'switch', '0');
